"Status","Dans quel type d'organisation travaillez vous ?","L'organisation dans laquelle vous travaillez est-elle membre d'OpenDataFrance","Le contexte dans lequel intervient OpenDataFrance évolue. Aujourd'hui, l'open data vous semble :","Si vous avez répondu ""Autre"", merci de préciser :","Quelles devraient être les activités prioritaires d'Open Data France ?","Si ""Autres"", merci de préciser votre réponse :","S'il ne fallait choisir qu'une de ces activités, laquelle vous semblerait prioritaire ?","Quels sont les sujets prioritaires que devrait traiter Open Data France ?","Si ""Autres"", merci de préciser :","Si vous ne deviez conserver qu'une seule action de l'association, quelle serait elle ?","Les membres d'OpenDataFrance devraient être :","Si vous avez répondu ""Collectivités"", pouvez vous préciser si elles devraient être représentées par :","Si vous avez répondu ""Autres"", merci de préciser","Quelles doivent être les principales sources de financement d'OpenDataFrance ?","L'équipe d'OpenDataFrance se réinvente également. Seriez-vous intéressé pour la rejoindre et/ou proposer vos services ?","Mentions légales","Avez vous quelque chose à ajouter sur les évolutions souhaitables d'OpenDataFrance ?","Created",
"Geo data analyst","Entreprise privée","Je ne sais pas","S'ouvrir à l'ensemble des données d'intérêt général (publiques et privées, ouvertes et fermées)",,"Représentation des collectivités auprès du secteur privé,Production de supports méthodologiques à destination des producteurs de données,Création d'outils à destination des producteurs de données,Animation d'un écosystème / mise en relation d'acteurs",,"Création d'outils à destination des producteurs de données","L'ouverture des données publiques,La gestion et le partage des données publiques (sans obligation d'ouverture),Le numérique éthique/responsable,L'impact environnemental du numérique",,"GreenData","Des collectivités,Des services de l'Etat,Des associations/collectifs citoyens,Des entreprises privées,Des experts/chercheurs","Les deux",,"Public afin de garantir une indépendance",,"checked",,"24/2/2024 8:56am",
"Directeur Études et Conseil chez Ellipsa","Entreprise privée","Non, et il n'est pas prévu de le devenir","S'ouvrir à l'ensemble des données d'intérêt général (publiques et privées, ouvertes et fermées)",,"Animation d'un écosystème / mise en relation d'acteurs,Plaidoyer auprès des acteurs législatifs,Production de supports méthodologiques à destination des producteurs de données,Création d'outils à destination des producteurs de données",,"Animation d'un écosystème / mise en relation d'acteurs","L'ouverture des données publiques,La gestion et le partage des données publiques (sans obligation d'ouverture),Autres",,"OpenDataLocale","Des collectivités,Des entreprises privées,Des experts/chercheurs,Des associations/collectifs citoyens,Des services de l'Etat","Des agent·es",,"Fonds publics + services ","CV_Fabrice Phélep 2023.pdf (https://v5.airtableusercontent.com/v3/u/27/27/1712858400000/dV6T6GcaFq2wimvasz_pvg/HOWH2sU4NlpiApAhFFSzEIhzbRKwichhMBTpMormNR746dRMxIFd1pipF1hN-whs91xFMW1D6WHvsKg95REHfwhKqcZ1hm5iPYTB4EfjHlOVMRVBCE6wLGwzp-ae_eagWGjuOooPhCnM5KilGCxsk2RYB0du7u58xiloE56i4cY/rc5KBrxjfJETg8v1va6VkO9tIMJH11uX8ERJ149Vf0c)","checked",,"22/2/2024 9:26pm",
"Designer - ecospheres ","Service de l'Etat ","Je ne sais pas","S'ouvrir à l'ensemble des données d'intérêt général (publiques et privées, ouvertes et fermées)",,"Animation d'un écosystème / mise en relation d'acteurs,Plaidoyer auprès des acteurs législatifs,Formation ciblée à l'open data,Production de supports méthodologiques à destination des producteurs de données",,"Animation d'un écosystème / mise en relation d'acteurs","L'ouverture des données publiques,La gestion et le partage des données publiques (sans obligation d'ouverture)",,"OpenDataLocale","Des collectivités,Des services de l'Etat,Des associations/collectifs citoyens,Des entreprises privées,Des experts/chercheurs","Les deux",,"Adhésions
Sub publique (état)
Formation ",,"checked",,"23/2/2024 11:40am",
"Chargé d'études SIG et Observatoire au SCoT Grand Rovaltain","EPCI ","Je ne sais pas","S'ouvrir à l'ensemble des données d'intérêt général (publiques et privées, ouvertes et fermées)",,"Production de supports méthodologiques à destination des producteurs de données,Formation ciblée à l'open data,Formation ciblée en lien avec les données publiques,Plaidoyer auprès des acteurs législatifs,Acculturation généraliste à la donnée publique",,"Acculturation généraliste à la donnée publique","La gestion et le partage des données publiques (sans obligation d'ouverture),L'ouverture des données publiques",,"OpenDataLocale","Des collectivités,Des services de l'Etat,Des experts/chercheurs","Les deux",,,,"checked",,"23/2/2024 4:29pm",
"chargé developpement et communication numérique ","EPCI ","EPCI ","Non, et il n'est pas prévu de le devenir","S'ouvrir à l'ensemble des données d'intérêt général (publiques et privées, ouvertes et fermées)",,"Animation d'un écosystème / mise en relation d'acteurs,Plaidoyer auprès des acteurs législatifs,Formation ciblée en lien avec les données publiques,Acculturation généraliste à la donnée publique,Production de supports méthodologiques à destination des producteurs de données",,"Acculturation généraliste à la donnée publique","L'ouverture des données publiques,La gestion et le partage des données publiques (sans obligation d'ouverture),Les algorithmes publics,Le numérique éthique/responsable",,"OpenDataLocale","Des collectivités,Des services de l'Etat,Des associations/collectifs citoyens,Des entreprises privées,Des experts/chercheurs","Les deux",,"Pas assez bon fiscaliste pour cela.",,"checked",,"25/2/2024 4:08pm"
"Chargé de mission s DSI","EPCI ","Non, et il n'est pas prévu de le devenir","Traiter le sujet plus général des données publiques",,"Animation d'un écosystème / mise en relation d'acteurs,Formation ciblée à l'open data",,"Animation d'un écosystème / mise en relation d'acteurs","L'ouverture des données publiques,L'intelligence artificielle",,"OpenDataLocale","Des collectivités,Des services de l'Etat,Des associations/collectifs citoyens,Des entreprises privées,Des experts/chercheurs","Les deux",,,,"checked",,"26/2/2024 8:36am",
"Chef d'environnement au Département du DOubs","Département","Non, et il n'est pas prévu de le devenir","S'ouvrir à l'ensemble des données d'intérêt général (publiques et privées, ouvertes et fermées)",,"Je ne me prononce pas",,"Acculturation généraliste à la donnée publique","L'ouverture des données publiques,Les algorithmes publics,La gestion et le partage des données publiques (sans obligation d'ouverture)",,"OpenDataLocale","Des collectivités,Des services de l'Etat,Des associations/collectifs citoyens,Des entreprises privées,Des experts/chercheurs","Des agent·es",,,,"checked",,"27/2/2024 12:15pm",
"Direction de la Donnée ","EPCI ","Oui","Rester concentrée sur la thématique de l'open data",,"Plaidoyer auprès des acteurs législatifs,Représentation des collectivités auprès du secteur privé,Animation d'un écosystème / mise en relation d'acteurs,Formation ciblée à l'open data,Acculturation généraliste à la donnée publique,Formation ciblée en lien avec les données publiques,Production de supports méthodologiques à destination des producteurs de données",,"Animation d'un écosystème / mise en relation d'acteurs","L'ouverture des données publiques,Le numérique éthique/responsable,L'impact environnemental du numérique",,"OpenDataLocale","Des collectivités,Des services de l'Etat,Des associations/collectifs citoyens,Des entreprises privées,Des experts/chercheurs","Les deux",,"pas d'avis car méconnaissance des sources actuelles de financement ",,"checked","quel lien entre ODF et la DINUM ? ","1/3/2024 3:10pm",
"Cofondateur insitu.app","Entreprise privée","Non, mais le devenir est envisagé ","Rester concentrée sur la thématique de l'open data",,"Animation d'un écosystème / mise en relation d'acteurs,Plaidoyer auprès des acteurs législatifs,Formation ciblée à l'open data,Formation ciblée en lien avec les données publiques,Représentation des collectivités auprès du secteur privé,Acculturation généraliste à la donnée publique",,"Formation ciblée à l'open data","L'ouverture des données publiques,La gestion et le partage des données publiques (sans obligation d'ouverture)",,"OpenDataLocale","Des collectivités,Des associations/collectifs citoyens,Des services de l'Etat","Peu importe",,"État français ",,"checked",,"4/3/2024 5:12am",
"Deligne","Autre","Je ne sais pas","Rester concentrée sur la thématique de l'open data",,"Animation d'un écosystème / mise en relation d'acteurs,Formation ciblée à l'open data",,"Formation ciblée à l'open data","L'ouverture des données publiques",,"OpenDataLocale","Des collectivités","Peu importe",,,,"checked","Oui à l'ouverture des données à tous, non au seul partage entre complices","6/3/2024 8:34pm",
"Président, multi","Entreprise privée","Non, mais le devenir est envisagé ","Rester concentrée sur la thématique de l'open data",,"Représentation des collectivités auprès du secteur privé,Formation ciblée à l'open data,Création d'outils à destination des producteurs de données,Animation d'un écosystème / mise en relation d'acteurs,Plaidoyer auprès des acteurs législatifs",,"Animation d'un écosystème / mise en relation d'acteurs","L'ouverture des données publiques",,"OpenDataLocale","Des collectivités,Des entreprises privées,Des associations/collectifs citoyens,Des experts/chercheurs,Des services de l'Etat","Des agent·es",,"Adhésions",,"checked","Une piste d'évolution parmi d'autres :

Avant d'ouvrir leurs données, les collectivités ont besoin d'un meilleur accès à celles-ci. En effet, les données des collectivités vivent souvent dans les bases de données de logiciels métiers et solutions majoritairement propriétaires. Seule face à un éditeur d'un logiciel, une collectivité est en difficulté. Unies, les collectivités pourrait mieux faire valoir leurs droits.

OpenDataFrance pourrait jouer un rôle de représentant des collectivités face aux éditeurs.

Avec ODF, l'Etat (ANCT, DINUM) pourrait mettre en avant les logiciels et solutions qui sont ""open data compliant"", qui permettent aux collectivités d'ouvrir facilement leurs données (licence libre, API, compatibilité avec des schémas de données...).

Bref, pour des données libres, il faut aussi des logiciels libres !","8/3/2024 6:37pm",
"Chargée de Gouvernance des données - Conseil Départemental de la Mayenne","Département","Oui","Rester concentrée sur la thématique de l'open data",,"Animation d'un écosystème / mise en relation d'acteurs,Plaidoyer auprès des acteurs législatifs,Acculturation généraliste à la donnée publique,Création d'outils à destination des producteurs de données,Production de supports méthodologiques à destination des producteurs de données,Formation ciblée en lien avec les données publiques,Formation ciblée à l'open data",,"Animation d'un écosystème / mise en relation d'acteurs","L'ouverture des données publiques,Les algorithmes publics",,"OpenDataLocale","Des collectivités,Des services de l'Etat","Les deux",,,,"checked",,"13/3/2024 6:38pm",
"Responsable des systèmes d'information et de la transformation numérique responsable, mairie de Saint-Herblain (44)","Commune","Non, et il n'est pas prévu de le devenir","Rester concentrée sur la thématique de l'open data",,"Formation ciblée en lien avec les données publiques,Formation ciblée à l'open data,Acculturation généraliste à la donnée publique,Production de supports méthodologiques à destination des producteurs de données,Création d'outils à destination des producteurs de données",,"Création d'outils à destination des producteurs de données","L'ouverture des données publiques,Les algorithmes publics",,"OpenDataLocale","Des collectivités,Des services de l'Etat,Des associations/collectifs citoyens","Les deux",,"Cotisations d'adhésion à l'association et revenu lié aux services (formations, colloques...), éventuellement en conditionnant l'accès aux ressources à une cotisation",,"checked","Développer les schémas de données","15/3/2024 9:38am",
"Administrateur Open Data Conseil Départemental des Côtes d'Armor","Département","Oui","Traiter le sujet plus général des données publiques",,"Acculturation généraliste à la donnée publique,Animation d'un écosystème / mise en relation d'acteurs,Création d'outils à destination des réutilisateurs de données,Plaidoyer auprès des acteurs législatifs,Représentation des collectivités auprès du secteur privé",,"Animation d'un écosystème / mise en relation d'acteurs","La gestion et le partage des données publiques (sans obligation d'ouverture),L'intelligence artificielle,L'ouverture des données publiques",,"DataImpact","Des collectivités,Des services de l'Etat,Des associations/collectifs citoyens,Autres","Des élu·es","Ré utilisateurs",,,"checked","ODF doit accompagner les collectivités plus seulement sur le champ Open data, mais sur une stratégie donnée, ce qui permettrait de poser des bases, un cadre.
","22/2/2024 5:13pm",
"Responsable numérique et innovation / Syndicat Mixte Mobilités Aire Grenobloise","EPCI ","Elle l'a été mais ne l'est plus","S'ouvrir à l'ensemble des données d'intérêt général (publiques et privées, ouvertes et fermées)",,"Animation d'un écosystème / mise en relation d'acteurs,Plaidoyer auprès des acteurs législatifs,Formation ciblée en lien avec les données publiques,Formation ciblée à l'open data,Acculturation généraliste à la donnée publique,Création d'outils à destination des producteurs de données",,"Acculturation généraliste à la donnée publique","La gestion et le partage des données publiques (sans obligation d'ouverture),Les algorithmes publics,L'ouverture des données publiques",,"DataImpact","Des collectivités,Des services de l'Etat,Des experts/chercheurs","Les deux",,"Collectivités et services de l'Etat",,"checked","Elargir la thématique à l'ensemble des données, au-delà de la seule donnée ouverte","18/3/2024 11:02am",
"VP Niort Agglo","EPCI ","Oui","S'ouvrir à l'ensemble des données d'intérêt général (publiques et privées, ouvertes et fermées)",,"Animation d'un écosystème / mise en relation d'acteurs,Formation ciblée en lien avec les données publiques,Plaidoyer auprès des acteurs législatifs,Acculturation généraliste à la donnée publique,Création d'outils à destination des réutilisateurs de données",,"Animation d'un écosystème / mise en relation d'acteurs","L'ouverture des données publiques,La gestion et le partage des données publiques (sans obligation d'ouverture)",,"DataEditorial","Des collectivités,Des services de l'Etat,Des experts/chercheurs","Peu importe",,"cotisation et dotation publique ","CV FGU LinkedIn.pdf (https://v5.airtableusercontent.com/v3/u/27/27/1712858400000/6Fx_ElsI82c8FZoij3gXmA/gBJpLLCAoEiHqgKDnvUutf5VZ57-I6y6wATYDuhaN77hRgrdBA7b4sKPkoh-cMUlwd0JMj6bCd9mQmPhITeW4as2NQatCG8rNnUbn7jrrGXQ6VQxrZv0IGt4GsKNG_0ALEk9eafOWXweP8gzmKDNeg/CUcZ9_ethYYNZM9iLjY02EkFDCgc8zYmE84oSHBtsBM)","checked","- la poursuite de la sensibilisation et de l’incitatif et 
- les cas d’usage et la communication autour de ces cas d’usage entre collectivités ","26/2/2024 7:01pm",
"Responsable Data - MANTY","Entreprise privée","Non, mais le devenir est envisagé ","Traiter le sujet plus général des données publiques",,"Animation d'un écosystème / mise en relation d'acteurs,Plaidoyer auprès des acteurs législatifs,Acculturation généraliste à la donnée publique,Création d'outils à destination des producteurs de données,Production de supports méthodologiques à destination des producteurs de données",,"Animation d'un écosystème / mise en relation d'acteurs","L'ouverture des données publiques,La gestion et le partage des données publiques (sans obligation d'ouverture),Les algorithmes publics",,"DataEditorial","Des collectivités,Des entreprises privées,Des experts/chercheurs","Les deux",,"Événements de mise en relation (salons, ...) + cotisations + aides de l'état",,"checked",,"13/3/2024 9:45am",
"Consultant Senior, Experis","Entreprise privée","Je ne sais pas","S'ouvrir à l'ensemble des données d'intérêt général (publiques et privées, ouvertes et fermées)",,"Animation d'un écosystème / mise en relation d'acteurs,Plaidoyer auprès des acteurs législatifs,Acculturation généraliste à la donnée publique,Production de supports méthodologiques à destination des producteurs de données,Création d'outils à destination des producteurs de données,Création d'outils à destination des réutilisateurs de données,Formation ciblée en lien avec les données publiques,Formation ciblée à l'open data",,"Acculturation généraliste à la donnée publique","L'ouverture des données publiques,Les algorithmes publics,La gestion et le partage des données publiques (sans obligation d'ouverture)",,"Formations à la culture de la donnée","Des collectivités,Des services de l'Etat,Des associations/collectifs citoyens,Des entreprises privées,Des experts/chercheurs,Autres","Les deux","Toute personne individuelle ou morale ayant un intérêt dans l'ouverture des données",,,"checked",,"23/2/2024 1:12am",
"Consultant chez REALIA","Entreprise privée","Non, mais le devenir est envisagé ","Traiter le sujet plus général des données publiques",,"Plaidoyer auprès des acteurs législatifs,Animation d'un écosystème / mise en relation d'acteurs,Formation ciblée en lien avec les données publiques,Acculturation généraliste à la donnée publique,Formation ciblée à l'open data,Production de supports méthodologiques à destination des producteurs de données,Création d'outils à destination des producteurs de données",,"Acculturation généraliste à la donnée publique","Le numérique éthique/responsable,L'ouverture des données publiques,L'impact environnemental du numérique",,"Formations à la culture de la donnée","Des collectivités,Des services de l'Etat,Des associations/collectifs citoyens,Des experts/chercheurs","Les deux",,"Des collèges par type d'acteurs publics: ministères, ARF, ADF,...",,"checked",,"23/2/2024 9:51am",
"Responsable d'unité- Région Sud","Région","Oui","S'ouvrir à l'ensemble des données d'intérêt général (publiques et privées, ouvertes et fermées)",,"Animation d'un écosystème / mise en relation d'acteurs,Plaidoyer auprès des acteurs législatifs,Représentation des collectivités auprès du secteur privé,Formation ciblée en lien avec les données publiques,Formation ciblée à l'open data,Acculturation généraliste à la donnée publique,Production de supports méthodologiques à destination des producteurs de données,Création d'outils à destination des producteurs de données,Création d'outils à destination des réutilisateurs de données",,"Plaidoyer auprès des acteurs législatifs","La cybersécurité,L'impact environnemental du numérique,L'intelligence artificielle,Le numérique éthique/responsable,Les algorithmes publics,La gestion et le partage des données publiques (sans obligation d'ouverture),L'ouverture des données publiques",,"Formations à la culture de la donnée","Des collectivités,Des services de l'Etat,Des associations/collectifs citoyens,Des entreprises privées,Des experts/chercheurs","Les deux",,,,"checked",,"23/2/2024 7:10pm",
"CEO Koumoul","Entreprise privée","Non, et il n'est pas prévu de le devenir","Rester concentrée sur la thématique de l'open data",,"Animation d'un écosystème / mise en relation d'acteurs,Formation ciblée à l'open data,Plaidoyer auprès des acteurs législatifs,Acculturation généraliste à la donnée publique,Production de supports méthodologiques à destination des producteurs de données",,"Formation ciblée à l'open data","L'ouverture des données publiques,Les algorithmes publics,La gestion et le partage des données publiques (sans obligation d'ouverture)",,"Formations à la culture de la donnée","Des collectivités,Des services de l'Etat,Des associations/collectifs citoyens","Les deux",,,,"checked",,"27/2/2024 10:26am",
"Directeur Délégué Systèmes et Réseaux du numérique","Département","Non, et il n'est pas prévu de le devenir","S'ouvrir à l'ensemble des données d'intérêt général (publiques et privées, ouvertes et fermées)",,"Animation d'un écosystème / mise en relation d'acteurs,Acculturation généraliste à la donnée publique,Production de supports méthodologiques à destination des producteurs de données,Création d'outils à destination des producteurs de données",,"Acculturation généraliste à la donnée publique","La gestion et le partage des données publiques (sans obligation d'ouverture),L'intelligence artificielle,La cybersécurité",,"Formations à la culture de la donnée","Des collectivités,Des services de l'Etat,Des experts/chercheurs","Les deux",,"Les entreprises privées",,"checked",,"14/3/2024 10:43am",
"Président de l'entreprise Lenra","Entreprise privée","Non, mais le devenir est envisagé ","Rester concentrée sur la thématique de l'open data",,"Plaidoyer auprès des acteurs législatifs,Formation ciblée à l'open data,Acculturation généraliste à la donnée publique,Création d'outils à destination des producteurs de données,Création d'outils à destination des réutilisateurs de données,Animation d'un écosystème / mise en relation d'acteurs",,"Création d'outils à destination des réutilisateurs de données","L'ouverture des données publiques,La gestion et le partage des données publiques (sans obligation d'ouverture),L'impact environnemental du numérique",,"OpenDataFactory","Des collectivités,Des services de l'Etat,Des associations/collectifs citoyens,Des experts/chercheurs,Des entreprises privées","Des agent·es",,"Des aides publiques",,"checked",,"24/2/2024 10:21am",
"Ingénieur","Entreprise privée","Je ne sais pas","Rester concentrée sur la thématique de l'open data",,"Plaidoyer auprès des acteurs législatifs,Formation ciblée à l'open data,Acculturation généraliste à la donnée publique,Production de supports méthodologiques à destination des producteurs de données,Création d'outils à destination des producteurs de données,Création d'outils à destination des réutilisateurs de données",,"Plaidoyer auprès des acteurs législatifs","L'ouverture des données publiques,La gestion et le partage des données publiques (sans obligation d'ouverture),Les algorithmes publics",,"OpenDataFactory","Des experts/chercheurs,Des entreprises privées,Des associations/collectifs citoyens,Des services de l'Etat,Des collectivités","Les deux",,,,"checked",,"25/2/2024 12:39am",
"Storeferm aniwebat CEO","Entreprise privée","Non, mais le devenir est envisagé ","S'ouvrir à l'ensemble des données d'intérêt général (publiques et privées, ouvertes et fermées)",,"Acculturation généraliste à la donnée publique,Création d'outils à destination des producteurs de données,Création d'outils à destination des réutilisateurs de données,Représentation des collectivités auprès du secteur privé",,"Création d'outils à destination des réutilisateurs de données","L'ouverture des données publiques,L'intelligence artificielle",,"OpenDataFactory","Des entreprises privées,Des associations/collectifs citoyens,Des services de l'Etat,Des collectivités,Des experts/chercheurs","Des élu·es",,"Négoce de données /  Adhésions / formations diverses / aculturation auprès des collèges / Éditions de documents.",,"checked",,"5/3/2024 9:38pm",
"Resp Opérations commerciales CRM & relation clients ","Entreprise privée","Je ne sais pas","Traiter le sujet plus général des données publiques",,"Je ne me prononce pas",,"Je ne me prononce pas","La cybersécurité,L'intelligence artificielle,La gestion et le partage des données publiques (sans obligation d'ouverture)",,"OpenDataFactory","Des services de l'Etat",,,"Difficile question ","CV R_DRAMSI 2024.pdf (https://v5.airtableusercontent.com/v3/u/27/27/1712858400000/s7nXHQCjPFrzZg-QvAps5A/gJi1cTtsbO9Am6Q7APpQAJBEj0sygebUAscS4VOlkMWVmbFGPOne14eXL0FeICTLR7G4RnrjPfZBhXMQpKbvI7pTEXdgW_6zkGwUGYW0ksPE5mKcv4s5NclnVs8iJzvSeQkwR-U6CzkYnW2gJ3ozDQ/K9ZZeFA60W-nzonJKGixJvqgZIBVzy-NzjOIPGwmxyM)","checked",,"7/3/2024 3:00pm",
"Cheffe du bureau Gouvernance des données - CD93","Département","Je ne sais pas","Traiter le sujet plus général des données publiques",,"Animation d'un écosystème / mise en relation d'acteurs,Plaidoyer auprès des acteurs législatifs,Acculturation généraliste à la donnée publique,Production de supports méthodologiques à destination des producteurs de données,Formation ciblée en lien avec les données publiques",,"Animation d'un écosystème / mise en relation d'acteurs","La gestion et le partage des données publiques (sans obligation d'ouverture),L'ouverture des données publiques,Les algorithmes publics,L'intelligence artificielle,Le numérique éthique/responsable",,"OpenDataFactory","Des collectivités,Des experts/chercheurs,Des services de l'Etat,Des associations/collectifs citoyens","Les deux",,,,"checked",,"18/3/2024 11:23am",
"Directeur général","Entreprise privée","Non, mais le devenir est envisagé ","Traiter le sujet plus général des données publiques",,"Animation d'un écosystème / mise en relation d'acteurs,Plaidoyer auprès des acteurs législatifs,Formation ciblée en lien avec les données publiques,Formation ciblée à l'open data,Acculturation généraliste à la donnée publique,Production de supports méthodologiques à destination des producteurs de données,Création d'outils à destination des réutilisateurs de données",,"Animation d'un écosystème / mise en relation d'acteurs","L'ouverture des données publiques,La gestion et le partage des données publiques (sans obligation d'ouverture),Les algorithmes publics,Le numérique éthique/responsable,L'intelligence artificielle,L'impact environnemental du numérique",,"Observatoire Open Data","Des collectivités,Des associations/collectifs citoyens,Des entreprises privées,Des experts/chercheurs","Peu importe",,"Privées et publiques",,"checked","Collaboration avec les startups ","22/2/2024 4:53pm",
"Data * @DRISS","Autre","Non, et il n'est pas prévu de le devenir","S'ouvrir à l'ensemble des données d'intérêt général (publiques et privées, ouvertes et fermées)",,"Animation d'un écosystème / mise en relation d'acteurs,Plaidoyer auprès des acteurs législatifs,Représentation des collectivités auprès du secteur privé,Production de supports méthodologiques à destination des producteurs de données,Création d'outils à destination des producteurs de données,Création d'outils à destination des réutilisateurs de données,Formation ciblée en lien avec les données publiques",,"Plaidoyer auprès des acteurs législatifs","La gestion et le partage des données publiques (sans obligation d'ouverture),Les algorithmes publics,Le numérique éthique/responsable,L'ouverture des données publiques",,"Observatoire Open Data","Des associations/collectifs citoyens,Des experts/chercheurs,Des entreprises privées,Des collectivités","Des agent·es",,,"CV_CHEF_DE_PROJET_DATA.pdf (https://v5.airtableusercontent.com/v3/u/27/27/1712858400000/YX12wKI_RyGDVem2r0Zlrw/3RModjZDe7o1AlOY-BZY9nX8PNPlhdljTEP3FXwAC2ijE0I_QVLlfXAK6zE5983GN6dAS5bn9gzLr1KRltMASPRMv0LIbbZ5GJ2jHrsZZD3tdoEUbc8D07ncFPCO6XTdR3OiDBSbVUfokNCfxZYhyJLkIR9QChOE-9faDOyMU-A/GDGZdGR67MASS4NtHRJRwfDhNEdEWv6WdeJnOK4l5rU)","checked",,"23/2/2024 3:44pm",
"Expansion Strategy Analyst - Urban Campus","Entreprise privée","Non, et il n'est pas prévu de le devenir","S'ouvrir à l'ensemble des données d'intérêt général (publiques et privées, ouvertes et fermées)",,"Représentation des collectivités auprès du secteur privé,Formation ciblée en lien avec les données publiques,Formation ciblée à l'open data,Acculturation généraliste à la donnée publique,Création d'outils à destination des réutilisateurs de données",,"Formation ciblée en lien avec les données publiques","La gestion et le partage des données publiques (sans obligation d'ouverture),L'intelligence artificielle,L'ouverture des données publiques",,"Observatoire Open Data","Des entreprises privées,Des services de l'Etat,Des associations/collectifs citoyens",,,"Entièrement publiques",,"checked","Plus de données sur l'activité économique des territoires (nombre d'entreprises, d'employés sur une zone tertiaire par exemple).","26/2/2024 10:43am",
"Chef de projet DATA","EPCI ","Je ne sais pas","S'ouvrir à l'ensemble des données d'intérêt général (publiques et privées, ouvertes et fermées)",,"Animation d'un écosystème / mise en relation d'acteurs,Formation ciblée à l'open data",,"Formation ciblée à l'open data","L'impact environnemental du numérique,Le numérique éthique/responsable",,"Observatoire Open Data","Des collectivités,Des services de l'Etat,Des associations/collectifs citoyens,Des entreprises privées,Des experts/chercheurs","Des agent·es",,,,"checked",,"27/2/2024 2:27pm",
"Consultante data et innovation ","Entreprise privée","Je ne sais pas","S'ouvrir à l'ensemble des données d'intérêt général (publiques et privées, ouvertes et fermées)",,"Acculturation généraliste à la donnée publique,Création d'outils à destination des producteurs de données,Création d'outils à destination des réutilisateurs de données,Formation ciblée en lien avec les données publiques,Animation d'un écosystème / mise en relation d'acteurs,Plaidoyer auprès des acteurs législatifs,Représentation des collectivités auprès du secteur privé",,"Acculturation généraliste à la donnée publique","L'ouverture des données publiques,La gestion et le partage des données publiques (sans obligation d'ouverture),L'intelligence artificielle,Le numérique éthique/responsable",,"Observatoire Open Data","Des collectivités,Des services de l'Etat,Des associations/collectifs citoyens,Des entreprises privées,Des experts/chercheurs,Autres","Les deux",,"sources de financements publics majoritairement.",,"checked",,"29/2/2024 2:22pm",
"Archiviste ","Service de l'Etat ","Je ne sais pas","Rester concentrée sur la thématique de l'open data",,"Plaidoyer auprès des acteurs législatifs,Acculturation généraliste à la donnée publique,Formation ciblée à l'open data,Production de supports méthodologiques à destination des producteurs de données,Création d'outils à destination des réutilisateurs de données,Création d'outils à destination des producteurs de données,Animation d'un écosystème / mise en relation d'acteurs",,"Animation d'un écosystème / mise en relation d'acteurs","L'ouverture des données publiques,Les algorithmes publics",,"Observatoire Open Data","Des services de l'Etat,Des collectivités,Des associations/collectifs citoyens,Des experts/chercheurs,Des entreprises privées","Les deux",,,,"checked",,"8/3/2024 8:07pm",
"Président Déclic","Autre","Non, mais le devenir est envisagé ","Traiter le sujet plus général des données publiques",,"Plaidoyer auprès des acteurs législatifs,Acculturation généraliste à la donnée publique,Création d'outils à destination des producteurs de données",,"Plaidoyer auprès des acteurs législatifs","La gestion et le partage des données publiques (sans obligation d'ouverture),L'ouverture des données publiques",,"Observatoire Open Data","Des collectivités,Des services de l'Etat,Des associations/collectifs citoyens","Les deux",,"Adhésion des membres et financement de l'Etat",,"checked",,"13/3/2024 10:53am",
"Responsable DATA","Département","Oui","Traiter le sujet plus général des données publiques",,"Animation d'un écosystème / mise en relation d'acteurs,Plaidoyer auprès des acteurs législatifs,Formation ciblée à l'open data,Acculturation généraliste à la donnée publique,Production de supports méthodologiques à destination des producteurs de données,Création d'outils à destination des producteurs de données",,"Animation d'un écosystème / mise en relation d'acteurs","L'ouverture des données publiques,La gestion et le partage des données publiques (sans obligation d'ouverture),L'intelligence artificielle",,"Observatoire Open Data","Des collectivités,Des services de l'Etat","Les deux",,"Etat et Collectivités",,"checked",,"14/3/2024 10:20am",
"Président de OPENDATASOFT","Entreprise privée","Non, et il n'est pas prévu de le devenir","S'ouvrir à l'ensemble des données d'intérêt général (publiques et privées, ouvertes et fermées)",,"Animation d'un écosystème / mise en relation d'acteurs,Plaidoyer auprès des acteurs législatifs,Représentation des collectivités auprès du secteur privé,Acculturation généraliste à la donnée publique",,"Animation d'un écosystème / mise en relation d'acteurs","L'ouverture des données publiques,La gestion et le partage des données publiques (sans obligation d'ouverture),Les algorithmes publics",,"Observatoire Open Data","Des collectivités,Autres","Peu importe","Il me semble que l'efficacité de l'action tient dans la clarté et compréhension de la mission. Il est souvent tentant de vouloir intégrer dans une même organisation tout un écosystème mais cela brouille justement en général la compréhension de la mission et la clarté des objectifs/messages.
Je crois qu'ODF a un rôle clef de representation et animation de la ""strate"" territoriale, de ""l'échelon pertinent"" pour reprendre une expression récente, et d'interagir efficacement auprès de et avec les autres structures nationales etc.

Ceci étant dit, probablement existe t il un type d'acteurs pertinent pour être membre d'ODF, que je ne saurais nommer en un mot et qui porte ce caractère locale et souvent ""thématique"" sans être spécifiquement une collectivité : 
- certes souvent en DSP ou sous tutelle de la collectivités, e.g. AOM (réseau STAR à Rennes, IDFM en ile de France ...) ou des opérateurs de service public en général (Direction locale Enedis), ou bien des structures tels que les SDIS, l'hopital régional ...
- des structures consulaires en lien direct avec les développement et l'attractivité du territoire (CCI, Ch artisanat ...)
- qques organismes nationaux à vocation locale (e.g. OFGL, voire ceertains services déconcentrés de l'Etat tq. Académies dans EducNat)","Adhésion des membres, soit 1 par 1, soit par ex. (suggestion d'autres approches) :
- pour ""massifier"" également le nb de membres et la représentativité des collectivités, travailler de concert avec l'assoc° des Maires de France (ou autres structures analogues) et ""prendre"" sur leur montant d'adhésion (sur le montant existant ou via un ajout au prix de la cotisation) une partie qui donnerait lieu à un membership automatique de la collectivité à ODF
- un financement collectif des Régions pour le compte de toutes les autres collectivités
- un ""abondement"" de la BdTerritoires (cf. mission de la BdT)",,"checked","Je suis convaincu du rôle essentiel d'ODF car la data est un sport de terrain.
Sans nécessairement en faire évoluer la typologie de ses membres, ODF représente l'opportunité de développer la culture de la donnée au services des politiques publiques et des publics là où ceux-ci sont déployés.
L'enjeu est donc tout autant tourné vers
- les acteurs publics eux-mêmes (les agents et élus)
- les administrés (individus, entreprises, associations)
- les opérateurs de services publics
et à appréhender selon
- les spécificités locales
- les grands enjeux contemporaines (transition énergétique, résilience, attractivité, sécurité ...)
- les mutations sociétales et technologiques (IA ...)","15/3/2024 12:45pm",
"Responsable Geomatique Futurmap","Entreprise privée","Non, et il n'est pas prévu de le devenir","S'ouvrir à l'ensemble des données d'intérêt général (publiques et privées, ouvertes et fermées)",,"Animation d'un écosystème / mise en relation d'acteurs,Plaidoyer auprès des acteurs législatifs,Représentation des collectivités auprès du secteur privé,Création d'outils à destination des producteurs de données",,"Création d'outils à destination des producteurs de données","L'ouverture des données publiques,L'impact environnemental du numérique,La cybersécurité",,"Données et transition","Des associations/collectifs citoyens,Des collectivités","Les deux",,"Aujourd'hui, c'est comment ?",,"checked",,"24/2/2024 3:51pm",
"Directeur du numérique et de l’intelligence artificielle ","Département","Je ne sais pas","Traiter le sujet plus général des données publiques",,"Production de supports méthodologiques à destination des producteurs de données,Animation d'un écosystème / mise en relation d'acteurs",,"Animation d'un écosystème / mise en relation d'acteurs","L'intelligence artificielle,Les algorithmes publics",,"Données et transition","Des collectivités,Des experts/chercheurs,Des services de l'Etat,Des associations/collectifs citoyens","Les deux",,,,"checked",,"13/3/2024 10:32pm",
"CDO","Entreprise privée","Non, mais le devenir est envisagé ","S'ouvrir à l'ensemble des données d'intérêt général (publiques et privées, ouvertes et fermées)",,"Plaidoyer auprès des acteurs législatifs,Animation d'un écosystème / mise en relation d'acteurs",,"Plaidoyer auprès des acteurs législatifs","L'ouverture des données publiques,La gestion et le partage des données publiques (sans obligation d'ouverture)",,"Je ne me prononce pas","Des collectivités,Des services de l'Etat,Des associations/collectifs citoyens,Des entreprises privées,Des experts/chercheurs","Les deux",,,,"checked","S'autoriser à rendre des avis davantage critique","22/2/2024 4:55pm",
"Chef d'équipe support. DGAMPA","Service de l'Etat ","Je ne sais pas","S'ouvrir à l'ensemble des données d'intérêt général (publiques et privées, ouvertes et fermées)",,"Animation d'un écosystème / mise en relation d'acteurs,Formation ciblée à l'open data,Formation ciblée en lien avec les données publiques,Acculturation généraliste à la donnée publique,Production de supports méthodologiques à destination des producteurs de données,Création d'outils à destination des producteurs de données",,"Animation d'un écosystème / mise en relation d'acteurs","L'ouverture des données publiques,Le numérique éthique/responsable,L'impact environnemental du numérique,La gestion et le partage des données publiques (sans obligation d'ouverture)",,"Je ne me prononce pas","Des services de l'Etat,Des collectivités,Des associations/collectifs citoyens,Des experts/chercheurs","Les deux",,"Impôts sur les bénéfices des entreprises, taxation des haut revenus ",,"checked",,"22/2/2024 11:05pm",
"documentaliste de la donnée - conseil régional hauts de francce","Région","Oui","Rester concentrée sur la thématique de l'open data",,"Représentation des collectivités auprès du secteur privé,Formation ciblée en lien avec les données publiques,Formation ciblée à l'open data,Acculturation généraliste à la donnée publique",,"Acculturation généraliste à la donnée publique","L'ouverture des données publiques,La gestion et le partage des données publiques (sans obligation d'ouverture),L'intelligence artificielle",,"Je ne me prononce pas","Des collectivités,Des services de l'Etat,Des associations/collectifs citoyens","Des agent·es",,"L'Etat",,"checked",,"23/2/2024 9:26am",
"Responsable Informatique et Information Géographique chez AGEXBE","Entreprise privée","Non, mais le devenir est envisagé ","Traiter le sujet plus général des données publiques",,"Animation d'un écosystème / mise en relation d'acteurs,Plaidoyer auprès des acteurs législatifs,Représentation des collectivités auprès du secteur privé,Production de supports méthodologiques à destination des producteurs de données,Création d'outils à destination des producteurs de données",,"Plaidoyer auprès des acteurs législatifs","La cybersécurité,Les algorithmes publics,La gestion et le partage des données publiques (sans obligation d'ouverture),L'ouverture des données publiques,L'intelligence artificielle",,"Je ne me prononce pas","Des collectivités,Des services de l'Etat,Des associations/collectifs citoyens,Des entreprises privées,Des experts/chercheurs","Les deux",,"Cotisation des membres et subvention de l'Etat ",,"checked",,"23/2/2024 11:31am",
"Service SIG, Golfe du Morbihan Vannes Agglomération","EPCI ","Non, mais le devenir est envisagé ","Traiter le sujet plus général des données publiques",,"Acculturation généraliste à la donnée publique,Production de supports méthodologiques à destination des producteurs de données,Formation ciblée en lien avec les données publiques,Formation ciblée à l'open data,Animation d'un écosystème / mise en relation d'acteurs",,"Production de supports méthodologiques à destination des producteurs de données","La gestion et le partage des données publiques (sans obligation d'ouverture),L'ouverture des données publiques",,"Je ne me prononce pas","Des collectivités,Des services de l'Etat,Des experts/chercheurs","Les deux",,"Je pense que OpenDataFrance est mène une mission d'intérêt public et qu'à ce titre elle doit être aidée et financée par des fonds publics.",,"checked",,"23/2/2024 2:23pm",
"Data Analyste","Entreprise privée","Non, et il n'est pas prévu de le devenir","Rester concentrée sur la thématique de l'open data",,"Acculturation généraliste à la donnée publique,Création d'outils à destination des producteurs de données,Création d'outils à destination des réutilisateurs de données",,"Acculturation généraliste à la donnée publique","L'ouverture des données publiques",,"Je ne me prononce pas","Des collectivités,Des services de l'Etat","Peu importe",,,"CV-2024.pdf (https://v5.airtableusercontent.com/v3/u/27/27/1712858400000/l8gUKgkm1F3IVhdENImdgg/YE37QdfuCW72LOmx4Hy5OXpTzISi9w7GBZ_UylH2h6yVpw6y6NqsaUVFgRu_MudcG_NZF-lKzq4a0CB51A-FwZvug34dDMVU5aXYxDkrCYocY6CTYyQ7wbFbF4ms8DEZYSwcFlnSbIfcNF-MFRvymA/rsel_fql_UPWnKupy8AJOnEOCVF20bzW6NJX5WZHC6A)","checked",,"23/2/2024 3:37pm",
"Gestionnaire patrimoine foncier bailleur social","Entreprise privée","Je ne sais pas","S'ouvrir à l'ensemble des données d'intérêt général (publiques et privées, ouvertes et fermées)",,"Plaidoyer auprès des acteurs législatifs,Acculturation généraliste à la donnée publique,Animation d'un écosystème / mise en relation d'acteurs",,"Plaidoyer auprès des acteurs législatifs","L'ouverture des données publiques,Les algorithmes publics,La gestion et le partage des données publiques (sans obligation d'ouverture)",,"Je ne me prononce pas","Des collectivités,Des services de l'Etat,Des associations/collectifs citoyens,Des entreprises privées","Des agent·es",,,,"checked",,"23/2/2024 4:19pm",
"Gérante de Géoscope","Entreprise privée","Je ne sais pas","S'ouvrir à l'ensemble des données d'intérêt général (publiques et privées, ouvertes et fermées)",,"Plaidoyer auprès des acteurs législatifs,Animation d'un écosystème / mise en relation d'acteurs,Production de supports méthodologiques à destination des producteurs de données,Création d'outils à destination des producteurs de données",,"Plaidoyer auprès des acteurs législatifs","L'ouverture des données publiques",,"Je ne me prononce pas","Des collectivités,Des services de l'Etat,Des associations/collectifs citoyens,Des entreprises privées,Des experts/chercheurs","Je ne me prononce pas",,"Fonds publics",,"checked",,"23/2/2024 5:25pm",
"Chef de projet / DGSRC Guyane / OAM","Service de l'Etat ","Je ne sais pas","Rester concentrée sur la thématique de l'open data",,"Animation d'un écosystème / mise en relation d'acteurs,Plaidoyer auprès des acteurs législatifs,Formation ciblée à l'open data,Formation ciblée en lien avec les données publiques,Production de supports méthodologiques à destination des producteurs de données,Acculturation généraliste à la donnée publique",,"Plaidoyer auprès des acteurs législatifs","L'ouverture des données publiques,La gestion et le partage des données publiques (sans obligation d'ouverture)",,"Je ne me prononce pas","Des collectivités,Des services de l'Etat,Des entreprises privées,Des experts/chercheurs,Des associations/collectifs citoyens","Les deux",,,,"checked",,"23/2/2024 7:19pm",
"Administrateur de la donnée au Département du Gard ","Département","Non, et il n'est pas prévu de le devenir","S'ouvrir à l'ensemble des données d'intérêt général (publiques et privées, ouvertes et fermées)",,"Plaidoyer auprès des acteurs législatifs,Acculturation généraliste à la donnée publique,Formation ciblée en lien avec les données publiques",,"Plaidoyer auprès des acteurs législatifs","Autres",,"Je ne me prononce pas","Des collectivités,Des services de l'Etat,Des associations/collectifs citoyens,Des entreprises privées,Des experts/chercheurs,Autres","Les deux","Des citoyens sans pour autant qu'ils appartiennent à un collectif.
Des universitaires et responsables de formations.","Frais d'adhésion.",,"checked",,"24/2/2024 12:48am",
"Documentaliste Université","Autre","Je ne sais pas","Je ne me prononce pas",,"Animation d'un écosystème / mise en relation d'acteurs,Formation ciblée en lien avec les données publiques,Création d'outils à destination des producteurs de données,Création d'outils à destination des réutilisateurs de données,Plaidoyer auprès des acteurs législatifs",,"Je ne me prononce pas","La gestion et le partage des données publiques (sans obligation d'ouverture)",,"Je ne me prononce pas","Je ne me prononce pas",,,"L'argent public pour garantir une certaine impartialité",,"checked",,"26/2/2024 10:11am",
"Data Analyst - Atol Conseils et développements","Entreprise privée","Je ne sais pas","S'ouvrir à l'ensemble des données d'intérêt général (publiques et privées, ouvertes et fermées)",,"Formation ciblée en lien avec les données publiques,Formation ciblée à l'open data,Acculturation généraliste à la donnée publique,Création d'outils à destination des réutilisateurs de données,Création d'outils à destination des producteurs de données",,"Création d'outils à destination des réutilisateurs de données","L'ouverture des données publiques,La gestion et le partage des données publiques (sans obligation d'ouverture),L'impact environnemental du numérique,Le numérique éthique/responsable",,"Je ne me prononce pas","Des associations/collectifs citoyens,Des experts/chercheurs,Des collectivités","Les deux",,"Sources indépendantes de l'état",,"checked",,"27/2/2024 3:46pm",
"Chargée de déploiement uMap - ANCT","Service de l'Etat ","Je ne sais pas","Rester concentrée sur la thématique de l'open data",,"Acculturation généraliste à la donnée publique,Création d'outils à destination des réutilisateurs de données,Animation d'un écosystème / mise en relation d'acteurs",,"Création d'outils à destination des réutilisateurs de données","La gestion et le partage des données publiques (sans obligation d'ouverture),L'ouverture des données publiques",,"Je ne me prononce pas","Je ne me prononce pas",,,,,"checked","Il me semble que les données en open data sont nombreuses mais méconnues et sous utilisées. De mon point de vue (très partial donc), j'aurais tendance à prioriser sur rendre les données facile à trouver et à utiliser. ","27/2/2024 4:55pm",
"Ffrandonnée charge de mission ","Autre","Je ne sais pas","S'ouvrir à l'ensemble des données d'intérêt général (publiques et privées, ouvertes et fermées)",,"Animation d'un écosystème / mise en relation d'acteurs,Formation ciblée en lien avec les données publiques,Création d'outils à destination des producteurs de données,Création d'outils à destination des réutilisateurs de données",,"Animation d'un écosystème / mise en relation d'acteurs","La gestion et le partage des données publiques (sans obligation d'ouverture),L'intelligence artificielle",,"Je ne me prononce pas","Des experts/chercheurs,Des entreprises privées,Des services de l'Etat,Des associations/collectifs citoyens,Des collectivités","Peu importe",,"Mixte. Sub partenaire vente",,"checked",,"1/3/2024 8:38am",
"Chargé de mission stratégie locale de la données - Adeupa Brest Bretagne","Autre","Je ne sais pas","S'ouvrir à l'ensemble des données d'intérêt général (publiques et privées, ouvertes et fermées)",,"Animation d'un écosystème / mise en relation d'acteurs,Représentation des collectivités auprès du secteur privé,Production de supports méthodologiques à destination des producteurs de données,Plaidoyer auprès des acteurs législatifs",,"Animation d'un écosystème / mise en relation d'acteurs","La gestion et le partage des données publiques (sans obligation d'ouverture),Les algorithmes publics,L'impact environnemental du numérique",,"Je ne me prononce pas","Des collectivités,Des associations/collectifs citoyens,Des experts/chercheurs","Les deux",,,,"checked",,"5/3/2024 2:31pm",
"Cheffe de projet OD - CD93","Département","Non, mais le devenir est envisagé ","S'ouvrir à l'ensemble des données d'intérêt général (publiques et privées, ouvertes et fermées)",,"Animation d'un écosystème / mise en relation d'acteurs,Formation ciblée à l'open data,Formation ciblée en lien avec les données publiques,Production de supports méthodologiques à destination des producteurs de données,Création d'outils à destination des producteurs de données,Création d'outils à destination des réutilisateurs de données,Acculturation généraliste à la donnée publique",,"Animation d'un écosystème / mise en relation d'acteurs","L'ouverture des données publiques,La gestion et le partage des données publiques (sans obligation d'ouverture),Les algorithmes publics,Le numérique éthique/responsable,L'intelligence artificielle,L'impact environnemental du numérique,La cybersécurité",,"Je ne me prononce pas","Des services de l'Etat,Des collectivités,Des experts/chercheurs,Des associations/collectifs citoyens","Les deux",,,,"checked",,"11/3/2024 10:06am",
"Chercheur contractuel CEREMA ","Service de l'Etat ","Je ne sais pas","S'ouvrir à l'ensemble des données d'intérêt général (publiques et privées, ouvertes et fermées)",,"Plaidoyer auprès des acteurs législatifs,Animation d'un écosystème / mise en relation d'acteurs,Formation ciblée en lien avec les données publiques,Formation ciblée à l'open data,Acculturation généraliste à la donnée publique,Production de supports méthodologiques à destination des producteurs de données,Création d'outils à destination des producteurs de données,Création d'outils à destination des réutilisateurs de données",,"Formation ciblée à l'open data","L'impact environnemental du numérique,Le numérique éthique/responsable,La gestion et le partage des données publiques (sans obligation d'ouverture),L'ouverture des données publiques",,"Je ne me prononce pas","Des experts/chercheurs,Des entreprises privées,Des associations/collectifs citoyens,Des services de l'Etat,Des collectivités","Les deux",,"Une taxe de 0,25% sur la valeur de toutes les solutions logicielles distribuées qui ne sont pas éditées sous licence libre.",,"checked","Étendre les obligations de mise en accès libre de données de qualité, créer de véritables sanctions et mise en application en cas de non respect.","13/3/2024 8:28am",
"DGS SMICA","Autre","Non, et il n'est pas prévu de le devenir","S'ouvrir à l'ensemble des données d'intérêt général (publiques et privées, ouvertes et fermées)",,"Acculturation généraliste à la donnée publique,Production de supports méthodologiques à destination des producteurs de données,Création d'outils à destination des producteurs de données,Création d'outils à destination des réutilisateurs de données,Plaidoyer auprès des acteurs législatifs,Représentation des collectivités auprès du secteur privé",,"Production de supports méthodologiques à destination des producteurs de données","Les algorithmes publics,La gestion et le partage des données publiques (sans obligation d'ouverture),L'ouverture des données publiques",,"Je ne me prononce pas","Des collectivités,Des services de l'Etat,Des associations/collectifs citoyens,Des experts/chercheurs","Les deux",,"taxe sur les éditeurs privés et subventions publiques",,"checked",,"18/3/2024 9:43am",
"Responsable de l'Unité GéoNumérique & Données - Département des Hautes-Alpes (05)","Département","Non, mais le devenir est envisagé ","S'ouvrir à l'ensemble des données d'intérêt général (publiques et privées, ouvertes et fermées)",,"Animation d'un écosystème / mise en relation d'acteurs,Plaidoyer auprès des acteurs législatifs,Représentation des collectivités auprès du secteur privé,Création d'outils à destination des réutilisateurs de données,Production de supports méthodologiques à destination des producteurs de données",,"Je ne me prononce pas","L'ouverture des données publiques,Les algorithmes publics,La gestion et le partage des données publiques (sans obligation d'ouverture)",,"Je ne me prononce pas","Des collectivités,Des services de l'Etat,Des entreprises privées,Des associations/collectifs citoyens,Des experts/chercheurs","Les deux",,"Il est complexe d'éviter les passagers clandestins sur un tel sujet et pour fédérer le secteur privé, il me semble qu'il serait judicieux que seul le secteur public finance le dispositif.",,"checked","Non","18/3/2024 3:33pm",
"Analyste de données","Entreprise privée","Non, et il n'est pas prévu de le devenir","Rester concentrée sur la thématique de l'open data",,"Plaidoyer auprès des acteurs législatifs,Animation d'un écosystème / mise en relation d'acteurs,Représentation des collectivités auprès du secteur privé,Formation ciblée en lien avec les données publiques,Formation ciblée à l'open data,Acculturation généraliste à la donnée publique,Production de supports méthodologiques à destination des producteurs de données,Création d'outils à destination des producteurs de données",,"Animation d'un écosystème / mise en relation d'acteurs","L'ouverture des données publiques,La gestion et le partage des données publiques (sans obligation d'ouverture)",,"Je ne me prononce pas","Des collectivités,Des services de l'Etat,Des entreprises privées,Des experts/chercheurs","Les deux",,,,"checked",,"19/3/2024 10:42am",
"Responsable plateforme MS open data et API SNCF","Autre","Non, et il n'est pas prévu de le devenir","S'ouvrir à l'ensemble des données d'intérêt général (publiques et privées, ouvertes et fermées)",,"Animation d'un écosystème / mise en relation d'acteurs,Plaidoyer auprès des acteurs législatifs,Formation ciblée à l'open data,Acculturation généraliste à la donnée publique,Production de supports méthodologiques à destination des producteurs de données",,"Animation d'un écosystème / mise en relation d'acteurs","L'ouverture des données publiques,La gestion et le partage des données publiques (sans obligation d'ouverture),Les algorithmes publics",,"Données et transition","Des services de l'Etat,Des collectivités,Des entreprises privées,Des experts/chercheurs,Des associations/collectifs citoyens","Les deux",,"Subventions Europe + subventions État + cotisations adhérents ",,"checked","S’ouvrir à d’autres adhérents possibles autres que des collectivités territoriales, d’autres associations comme la Fabrique des mobilités ou EONA-X (data space mobilité tourisme logistique) par exemple.
Organiser des petits événements communautaires comme les meetup pour mettre en valeur des cas d’usage et créer des liens dans l’écosystème data opendata","22/3/2024 6:55am",
"Délégué régional au numérique pour le préfet de la région Occitanie","Service de l'Etat ","Non, et il n'est pas prévu de le devenir","S'ouvrir à l'ensemble des données d'intérêt général (publiques et privées, ouvertes et fermées)",,"Animation d'un écosystème / mise en relation d'acteurs,Plaidoyer auprès des acteurs législatifs,Formation ciblée en lien avec les données publiques,Acculturation généraliste à la donnée publique,Autres","Mettre en place un cadre d'homogénéisation des données (tout ne doit pas passer par le législatif...)","Animation d'un écosystème / mise en relation d'acteurs","L'intelligence artificielle,L'ouverture des données publiques,La gestion et le partage des données publiques (sans obligation d'ouverture)",,"OpenDataLocale","Je ne me prononce pas",,,"Membres, missions/prestations ""in-house"" pour les membres (sous réserve de respecter le code des marchés publics)",,"checked",,"22/3/2024 5:04pm",
"Responsable projet DATAtourisme (open data) pour ADN Tourisme","Autre","Non, mais le devenir est envisagé ","S'ouvrir à l'ensemble des données d'intérêt général (publiques et privées, ouvertes et fermées)",,"Animation d'un écosystème / mise en relation d'acteurs,Plaidoyer auprès des acteurs législatifs,Production de supports méthodologiques à destination des producteurs de données,Acculturation généraliste à la donnée publique,Formation ciblée à l'open data",,"Animation d'un écosystème / mise en relation d'acteurs","La gestion et le partage des données publiques (sans obligation d'ouverture),L'ouverture des données publiques",,"OpenDataFactory","Des collectivités,Des services de l'Etat,Des associations/collectifs citoyens,Des entreprises privées,Des experts/chercheurs","Les deux",,"Aides publiques (mission d'intérêt général) + adhésions membres",,"checked",,"25/3/2024 4:04pm",
"directeur general, Aimsun","Entreprise privée","Non, et il n'est pas prévu de le devenir","S'ouvrir à l'ensemble des données d'intérêt général (publiques et privées, ouvertes et fermées)",,"Animation d'un écosystème / mise en relation d'acteurs,Représentation des collectivités auprès du secteur privé,Création d'outils à destination des producteurs de données",,"Animation d'un écosystème / mise en relation d'acteurs","Les algorithmes publics,Le numérique éthique/responsable,L'intelligence artificielle,L'impact environnemental du numérique,La cybersécurité,L'ouverture des données publiques,La gestion et le partage des données publiques (sans obligation d'ouverture)",,"Observatoire Open Data","Des collectivités,Des services de l'Etat,Des associations/collectifs citoyens,Des entreprises privées,Des experts/chercheurs","Les deux",,"public",,"checked","tres belle initiative","26/3/2024 1:10pm",
"Insee Attaché statisticien","Service de l'Etat ","Non, et il n'est pas prévu de le devenir","S'ouvrir à l'ensemble des données d'intérêt général (publiques et privées, ouvertes et fermées)",,"Formation ciblée en lien avec les données publiques,Acculturation généraliste à la donnée publique,Production de supports méthodologiques à destination des producteurs de données",,"Acculturation généraliste à la donnée publique","L'ouverture des données publiques,La gestion et le partage des données publiques (sans obligation d'ouverture),Les algorithmes publics,L'intelligence artificielle",,"Observatoire Open Data","Des collectivités,Des services de l'Etat,Des associations/collectifs citoyens,Des entreprises privées,Des experts/chercheurs","Les deux",,"Ressources issues du monde public (subvnetions) et privé",,"checked",,"26/3/2024 2:38pm",
"Adjoint au maire ville de Croix ","Commune","Non, et il n'est pas prévu de le devenir","S'ouvrir à l'ensemble des données d'intérêt général (publiques et privées, ouvertes et fermées)",,"Formation ciblée à l'open data,Production de supports méthodologiques à destination des producteurs de données,Création d'outils à destination des producteurs de données,Création d'outils à destination des réutilisateurs de données",,"Formation ciblée à l'open data","L'intelligence artificielle,La cybersécurité,Les algorithmes publics",,"OpenDataLocale","Des collectivités,Des services de l'Etat,Des associations/collectifs citoyens","Les deux",,,,"checked",,"27/3/2024 9:22am",
"Adjoint au maire - Ville de Chambéry / Grand Chambéry","Commune","Oui","Traiter le sujet plus général des données publiques",,"Plaidoyer auprès des acteurs législatifs,Formation ciblée en lien avec les données publiques,Acculturation généraliste à la donnée publique,Production de supports méthodologiques à destination des producteurs de données,Création d'outils à destination des producteurs de données,Création d'outils à destination des réutilisateurs de données",,"Acculturation généraliste à la donnée publique","Le numérique éthique/responsable,L'intelligence artificielle,L'impact environnemental du numérique,Les algorithmes publics,La gestion et le partage des données publiques (sans obligation d'ouverture),L'ouverture des données publiques",,"Données et transition","Des collectivités,Des services de l'Etat,Des associations/collectifs citoyens","Peu importe",,"Cotisations + subventions",,"checked","La question de l'articulation avec les autres réseaux autour du numérique d'intérêt général (NEC, Interconnectés, etc.) est clef : ODF a joué historiquement un rôle dépassant le seul sujet de l'open data, mais peut-être serait-il venu le temps de se rapprocher d'autres acteurs pour s'inscrire dans des enjeux plus larges ?","28/3/2024 11:13pm",
"Directeur du Centre de Ressources - GIGALIS","Région","Non, mais le devenir est envisagé ","Rester concentrée sur la thématique de l'open data",,"Animation d'un écosystème / mise en relation d'acteurs,Plaidoyer auprès des acteurs législatifs,Acculturation généraliste à la donnée publique",,"Animation d'un écosystème / mise en relation d'acteurs","La gestion et le partage des données publiques (sans obligation d'ouverture),L'impact environnemental du numérique",,"OpenDataFactory","Des collectivités,Des services de l'Etat,Des associations/collectifs citoyens,Des experts/chercheurs","Les deux",,"- Subventions publiques
- Cotisations des membres
- Prestations de services
- Dons",,"checked","OpenDataFrance devrait s'adapter aux nouveaux enjeux de l'open data, tels que l'intelligence artificielle et l'open data en temps réel.

OpenDataFrance devrait renforcer sa collaboration avec les autres acteurs de l'open data, en France et à l'international.

OpenDataFrance devrait s'engager dans une démarche de communication plus active pour faire connaître ses actions et son impact.

En conclusion, OpenDataFrance a un rôle important à jouer dans le développement de l'open data en France. L'association doit se réinventer pour répondre aux nouveaux défis et saisir les nouvelles opportunités.","29/3/2024 3:39pm",
"Chef du Service Pilotage et Analyse des Données - Région Pays de la Loire","Région","Oui","S'ouvrir à l'ensemble des données d'intérêt général (publiques et privées, ouvertes et fermées)",,"Animation d'un écosystème / mise en relation d'acteurs,Plaidoyer auprès des acteurs législatifs,Acculturation généraliste à la donnée publique",,"Animation d'un écosystème / mise en relation d'acteurs","L'ouverture des données publiques,La gestion et le partage des données publiques (sans obligation d'ouverture),L'intelligence artificielle",,"OpenDataLocale","Des collectivités,Des services de l'Etat,Des associations/collectifs citoyens,Des entreprises privées,Des experts/chercheurs","Des élu·es",,"Membres par leur cotisation, grandes entreprises du numérique, Etat",,"checked","En tant que technicien, je partage ce besoin d'un portage politique de la donnée et du numérique en général, notamment avec l'actualité de l'IA qui nécessite une véritable politique publique de la donnée au service de l'humain (utile, éthique et responsable)","29/3/2024 3:47pm",
"Information Géographique & Opendata","Commune","Oui","S'ouvrir à l'ensemble des données d'intérêt général (publiques et privées, ouvertes et fermées)",,"Animation d'un écosystème / mise en relation d'acteurs,Acculturation généraliste à la donnée publique,Production de supports méthodologiques à destination des producteurs de données,Plaidoyer auprès des acteurs législatifs",,"Plaidoyer auprès des acteurs législatifs","La gestion et le partage des données publiques (sans obligation d'ouverture),L'intelligence artificielle,Les algorithmes publics,Le numérique éthique/responsable",,"OpenDataLocale","Des collectivités","Les deux",,"- DINUM
- ANCT",,"checked","1) Une indépendance totale au secteur privé pour éviter tous risques du mélange entre d'intérêt général et intérêt privé dont les finalités ne sont pas les mêmes.
2) Approche globale de la donnée
","8/4/2024 9:04am",
"Responsable de la plateforme Open et Closed Data de Grand Paris Seine Ouest","EPCI ","Oui","Rester concentrée sur la thématique de l'open data",,"Animation d'un écosystème / mise en relation d'acteurs,Plaidoyer auprès des acteurs législatifs,Formation ciblée à l'open data,Autres","renforcer les relations entre l'état et les collectivités territoriales en matière de données publiques ouvertes","Animation d'un écosystème / mise en relation d'acteurs","L'ouverture des données publiques",,"OpenDataLocale","Des collectivités,Des services de l'Etat","Les deux",,,,"checked",,"8/4/2024 9:27am",
"responsable service SIG et opendata cdc de Lacq-orthez","EPCI ","Oui","S'ouvrir à l'ensemble des données d'intérêt général (publiques et privées, ouvertes et fermées)",,"Animation d'un écosystème / mise en relation d'acteurs,Acculturation généraliste à la donnée publique,Production de supports méthodologiques à destination des producteurs de données,Plaidoyer auprès des acteurs législatifs",,"Animation d'un écosystème / mise en relation d'acteurs","La gestion et le partage des données publiques (sans obligation d'ouverture)",,"Culture D","Des collectivités,Des experts/chercheurs","Des agent·es",,,,"checked",,"8/4/2024 10:50am",
"Responsable open data","Région","Oui","S'ouvrir à l'ensemble des données d'intérêt général (publiques et privées, ouvertes et fermées)",,"Animation d'un écosystème / mise en relation d'acteurs,Formation ciblée en lien avec les données publiques,Formation ciblée à l'open data,Acculturation généraliste à la donnée publique,Production de supports méthodologiques à destination des producteurs de données,Création d'outils à destination des producteurs de données,Création d'outils à destination des réutilisateurs de données",,"Animation d'un écosystème / mise en relation d'acteurs","L'ouverture des données publiques,La gestion et le partage des données publiques (sans obligation d'ouverture),Les algorithmes publics,L'intelligence artificielle",,"OpenDataFactory","Des collectivités,Des services de l'Etat,Des entreprises privées,Des associations/collectifs citoyens","Les deux",,"1. Cotisations 
2. Soutien de l'État 
3. Recettes (formations)",,"checked",,"8/4/2024 10:54am",
"DSI - Morbihan énergies","EPCI ","Oui","S'ouvrir à l'ensemble des données d'intérêt général (publiques et privées, ouvertes et fermées)",,"Animation d'un écosystème / mise en relation d'acteurs,Acculturation généraliste à la donnée publique,Création d'outils à destination des producteurs de données",,"Création d'outils à destination des producteurs de données","La gestion et le partage des données publiques (sans obligation d'ouverture),L'ouverture des données publiques,Le numérique éthique/responsable",,"OpenDataFactory","Des collectivités,Des services de l'Etat,Des associations/collectifs citoyens","Les deux",,"Subventions de l'état et cotisations des membres",,"checked","Dépasser le cadre de l'open data pour couvrir plus largement la question du partage de données publiques de qualité dans un cadre souverain.","9/4/2024 3:31pm",
"Chargé de mission data chez Tours Métropole Val de Loire","EPCI ","Oui","S'ouvrir à l'ensemble des données d'intérêt général (publiques et privées, ouvertes et fermées)",,"Animation d'un écosystème / mise en relation d'acteurs,Plaidoyer auprès des acteurs législatifs,Représentation des collectivités auprès du secteur privé,Acculturation généraliste à la donnée publique,Production de supports méthodologiques à destination des producteurs de données",,"Représentation des collectivités auprès du secteur privé","Le numérique éthique/responsable,L'intelligence artificielle,L'impact environnemental du numérique,Les algorithmes publics,La gestion et le partage des données publiques (sans obligation d'ouverture),L'ouverture des données publiques",,"OpenDataLocale","Des collectivités,Des services de l'Etat,Des associations/collectifs citoyens,Des entreprises privées,Des experts/chercheurs","Les deux",,"Publique ",,"checked",,"9/4/2024 3:34pm",
"Chef de projet à GéoVendée","Autre","Je ne sais pas","Je ne me prononce pas",,"Je ne me prononce pas",,"Acculturation généraliste à la donnée publique","L'ouverture des données publiques,La gestion et le partage des données publiques (sans obligation d'ouverture),Les algorithmes publics,L'intelligence artificielle",,"Je ne me prononce pas","Je ne me prononce pas",,,,,"checked",,"10/4/2024 11:43am",
"Maire","Commune","Non, et il n'est pas prévu de le devenir","Je ne me prononce pas",,"Je ne me prononce pas",,"Je ne me prononce pas","Je ne me prononce pas",,"Je ne me prononce pas","Je ne me prononce pas",,,,,"checked",,"10/4/2024 2:04pm",
"Chargée de mission Open Data","Région","Oui","Traiter le sujet plus général des données publiques",,"Animation d'un écosystème / mise en relation d'acteurs,Formation ciblée en lien avec les données publiques,Formation ciblée à l'open data,Acculturation généraliste à la donnée publique,Création d'outils à destination des producteurs de données",,"Formation ciblée en lien avec les données publiques","L'ouverture des données publiques,La gestion et le partage des données publiques (sans obligation d'ouverture)",,"OpenDataLocale","Des collectivités,Des services de l'Etat","Les deux",,,,"checked","Garder le lien avec le terrain et les collectivités de toutes tailles , notamment par la prise en compte de leur travail opérationnel quotidien et de leur difficultés techniques et RH. Porter un discours positif sur la data et l'open data","10/4/2024 3:26pm",
"Commune de Saint-Perreux","Commune","Non, et il n'est pas prévu de le devenir","S'ouvrir à l'ensemble des données d'intérêt général (publiques et privées, ouvertes et fermées)",,"Acculturation généraliste à la donnée publique,Formation ciblée en lien avec les données publiques,Représentation des collectivités auprès du secteur privé",,"Représentation des collectivités auprès du secteur privé","Le numérique éthique/responsable,La gestion et le partage des données publiques (sans obligation d'ouverture),L'impact environnemental du numérique",,"Formations à la culture de la donnée","Des associations/collectifs citoyens,Des services de l'Etat",,,"Etat",,"checked",,"10/4/2024 5:45pm",
"Directeur Service Informations Géographiques - Mulhouse Alsace Agglomération (m2A)","EPCI ","Oui","Traiter le sujet plus général des données publiques",,"Animation d'un écosystème / mise en relation d'acteurs,Plaidoyer auprès des acteurs législatifs,Représentation des collectivités auprès du secteur privé,Formation ciblée en lien avec les données publiques,Acculturation généraliste à la donnée publique",,"Acculturation généraliste à la donnée publique","L'intelligence artificielle,La gestion et le partage des données publiques (sans obligation d'ouverture),L'ouverture des données publiques",,"Je ne me prononce pas","Des collectivités,Des services de l'Etat,Des entreprises privées,Des associations/collectifs citoyens,Des experts/chercheurs","Les deux",,,,"checked",,"11/4/2024 8:43am",
"VP amf ","Commune","Oui","S'ouvrir à l'ensemble des données d'intérêt général (publiques et privées, ouvertes et fermées)",,"Acculturation généraliste à la donnée publique,Plaidoyer auprès des acteurs législatifs,Représentation des collectivités auprès du secteur privé",,"Acculturation généraliste à la donnée publique","La gestion et le partage des données publiques (sans obligation d'ouverture),L'ouverture des données publiques,Les algorithmes publics",,"Je ne me prononce pas","Des collectivités,Des experts/chercheurs,Des services de l'Etat","Des élu·es",,,,"checked",,"11/4/2024 8:45am",
